{
  "generated_at": "2026-03-12T16:58:16.912Z",
  "stage_id": "stage-20260312-1773334606012",
  "commit_distance_ahead": 11,
  "duration_ms": {
    "test": 2459,
    "clippy": 382,
    "bench": 21988
  },
  "delta_pct_vs_observer": {
    "test": -10.124269005847953,
    "clippy": -7.0559610705596105,
    "bench": -1.646090534979424
  },
  "baseline_bench_gate": {
    "baseline_ms": 77165,
    "current_ms": 21988,
    "regression_pct": -71.50521609538004,
    "threshold_pct": 3,
    "baseline_source": "existing"
  }
}